{"cameraMode":{"drawMode":0,"name":"Shaded","section":"Shading Mode"},"sceneLighting":false,"audioPlay":false,"sceneViewState":{"m_AlwaysRefresh":false,"showFog":true,"showSkybox":false,"showFlares":true,"showImageEffects":true,"showParticleSystems":true,"showVisualEffectGraphs":true,"m_FxEnabled":true},"in2DMode":false,"pivot":{"x":10.733098030090332,"y":-0.18632666766643525,"z":-0.6698856949806213},"rotation":{"x":0.2956198453903198,"y":-0.054693277925252917,"z":0.016948340460658075,"w":0.9536049962043762},"size":2.36602520942688,"orthographic":false}